USE CorporateDB;
GO

-- Вкарване на данни в таблиците

INSERT INTO city (NAME, STATE) VALUES
('Amherst', 'Mass'),
('Atlanta', 'Ga'),
('Boston', 'Mass'),
('Dallas', 'Tex'),
('Denver', 'Colo'),
('El Cerrito', 'Calif'),
('Hickville', 'Okla'),
('Los Angeles', 'Calif'),
('Madison', 'Wisc'),
('New York', 'NY'),
('Oakland', 'Calif'),
('Paxton', 'Ill'),
('Salt Lake City', 'Utah'),
('San Diego', 'Calif'),
('San Francisco', 'Calif'),
('Seattle', 'Wash'),
('White Plains', 'Neb');

INSERT INTO store (NUMBER, CITY) VALUES
(5, 'San Francisco'),
(7, 'Oakland'),
(8, 'El Cerrito');

INSERT INTO employee (NUMBER, NAME, SALARY, MANAGER, BIRTHYEAR, STARTYEAR) VALUES
(10, 'Ross, Stanley', 15908, 199, 1927, 1945),
(11, 'Ross, Stuart', 12067, NULL, 1931, 1958),
(13, 'Edwards, Peter', 9000, 199, 1928, 1958),
(19, 'John Smith', 9000, 199, 1930, 1960),
(26, 'Thompson, Bob', 13000, 199, 1930, 1970),
(32, 'Smythe, Carol', 9050, 199, 1929, 1967),
(33, 'Williams, Judy', 9000, 199, 1935, 1969),
(34, 'Hayes, Evelyn', 10100, NULL, 1931, 1963),
(35, 'Evans, Michael', 5000, 32, 1952, 1974),
(37, 'Raveen, Lemont', 11985, 26, 1950, 1974),
(55, 'James, Mary', 12000, 199, 1920, 1969),
(98, 'Williams, Judy', 9000, 199, 1935, 1969),
(129, 'Thomas, Tom', 10000, 199, 1941, 1962),
(157, 'Jones, Tim', 12000, 199, 1940, 1960),
(199, 'Bullock, J.D.', 27000, NULL, 1920, 1940),
(215, 'Collins, Joanne', 7000, 10, 1950, 1971),
(430, 'Brunet, Paul C.', 17674, 129, 1938, 1959),
(843, 'Schmidt, Herman', 11204, 26, 1936, 1956),
(994, 'Iwano, Masahiro', 15641, 129, 1944, 1970),
(1110, 'Smith, Paul', 6000, 33, 1952, 1973),
(1330, 'Onstad, Richard', 8779, 13, 1952, 1971),
(1523, 'Zukowski, Arthur A.', 19368, 129, 1928, 1949),
(1639, 'Choy, Wanda', 11160, 55, 1947, 1970),
(2398, 'Wallace, Maggie J.', 7880, 26, 1940, 1959),
(4901, 'Bailey, Chas M.', 8377, 32, 1956, 1975),
(5119, 'Bono, Sonny', 13621, 55, 1939, 1963),
(5219, 'Schwarz, Jason B.', 13374, 33, 1944, 1959);

INSERT INTO dept (NUMBER, NAME, STORE, FLOOR, MANAGER) VALUES
(1, 'Bargain', 5, 0, 37),
(10, 'Candy', 5, 1, 13),
(14, 'Jewelry', 8, 1, 33),
(19, 'Furniture', 7, 4, 98),
(20, 'Major Appliances', 7, 4, 26),
(26, 'Linens', 7, 3, 157),
(28, 'Women''s', 8, 2, 32),
(34, 'Stationary', 5, 1, 33),
(35, 'Book', 5, 1, 55),
(43, 'Children''s', 8, 2, 32),
(47, 'Junior Miss', 7, 2, 129),
(49, 'Toys', 8, 2, 35),
(58, 'Men''s', 7, 2, 129),
(60, 'Sportswear', 5, 1, 10),
(63, 'Women''s', 7, 3, 32),
(65, 'Junior''s', 7, 3, 37),
(70, 'Women''s', 5, 1, 10),
(73, 'Children''s', 5, 1, 10),
(99, 'Giftwrap', 5, 1, 98);

INSERT INTO supplier (NUMBER, NAME, CITY) VALUES
(5, 'Amdahl', 'San Diego'),
(15, 'White Stag', 'White Plains'),
(20, 'Wormley', 'Hickville'),
(33, 'Levi-Strauss', 'San Francisco'),
(42, 'Whitman''s', 'Denver'),
(62, 'Data General', 'Atlanta'),
(67, 'Edger', 'Salt Lake City'),
(89, 'Fisher-Price', 'Boston'),
(122, 'White Paper', 'Seattle'),
(125, 'Playskool', 'Dallas'),
(199, 'Koret', 'Los Angeles'),
(213, 'Cannon', 'Atlanta'),
(241, 'IBM', 'New York'),
(440, 'Spooley', 'Paxton'),
(475, 'DEC', 'Amherst'),
(999, 'A E Neumann', 'Madison');

INSERT INTO parts (NUMBER, NAME, COLOR, WEIGHT, QOH) VALUES
(1, 'central processor', 'pink', 10, 1),
(2, 'memory', 'gray', 20, 32),
(3, 'disk drive', 'black', 685, 2),
(4, 'tape drive', 'black', 450, 5),
(5, 'tapes', 'gray', 1, 250),
(6, 'line printer', 'yellow', 578, 5),
(7, '1-p paper', 'white', 0, 95),
(8, 'terminals', 'blue', 19, 15),
(9, 'terminal paper', 'white', 2, 350),
(10, 'byte-soap', 'clear', 0, 143),
(11, 'card reader', 'gray', 327, 0),
(12, 'card punch', 'gray', 427, 0),
(13, 'paper tape reader', 'black', 85, 0),
(14, 'paper tape punch', 'black', 147, 0);

INSERT INTO item (NUMBER, NAME, DEPT, PRICE, QOH, SUPPLIER) VALUES
(11, 'Wash Cloth', 1, 75, 575, 213),
(19, 'Bellbottoms', 43, 450, 600, 33),
(21, 'ABC Blocks', 1, 198, 405, 125),
(23, '1 lb Box', 10, 215, 100, 42),
(25, '2 lb Box, Mix', 10, 450, 75, 42),
(26, 'Earrings', 14, 1000, 20, 199),
(43, 'Maze', 49, 325, 200, 89),
(52, 'Jacket', 60, 3295, 300, 15),
(101, 'Slacks', 63, 1600, 325, 33),
(106, 'Clock Book', 1, 198, 150, 125),
(107, 'The ''Feel'' Book', 35, 225, 225, 89),
(115, 'Gold Ring', 14, 4395, 10, 199),
(118, 'Towels, Bath', 26, 250, 1000, 213),
(119, 'Squeeze Ball', 49, 250, 400, 89),
(120, 'Twin Sheet', 26, 800, 750, 213),
(121, 'Queen Sheet', 26, 1375, 600, 213),
(127, 'Ski Jumpsuit', 65, 4350, 125, 15),
(258, 'Slacks', 63, 825, 500, 33),
(259, 'Shirt', 58, 650, 1200, 33),
(301, 'Boy''s Jean Suit', 43, 1250, 500, 33);

INSERT INTO debit (NUMBER, SDATE, EMPLOYEE, ACCOUNT) VALUES
(100581, '1995-01-15', 157, '10000000'),
(100582, '1995-01-15', 1110, '14356340'),
(100586, '1995-01-16', 35, '14096831'),
(100592, '1995-01-17', 129, '10000000'),
(100593, '1995-01-18', 19, '11652133'),
(100594, '1995-01-18', 215, '12591815');

INSERT INTO sale (DEBIT, ITEM, QUANTITY) VALUES
(100581, 118, 5),
(100581, 120, 1),
(100582, 26, 1),
(100586, 106, 2),
(100586, 127, 3),
(100592, 258, 1),
(100593, 23, 2),
(100594, 52, 1);

INSERT INTO supply (SUPPLIER, PART, SHIPDATE, QUANTITY) VALUES
(5, 4, '1994-11-15', 3),
(5, 4, '1995-01-22', 6),
(20, 5, '1995-01-10', 20),
(20, 5, '1995-01-11', 75),
(62, 3, '1994-06-18', 3),
(67, 4, '1995-07-01', 1),
(89, 3, '1995-07-04', 1000),
(89, 4, '1995-07-04', 1000),
(122, 7, '1995-02-01', 144),
(122, 7, '1995-02-02', 48),
(122, 8, '1995-02-01', 15),
(241, 1, '1995-06-01', 1),
(241, 2, '1995-06-01', 1),
(241, 3, '1995-06-01', 1),
(241, 8, '1995-12-31', 1),
(241, 8, '1995-07-01', 1),
(241, 9, '1995-07-31', 144),
(440, 6, '1994-10-10', 2),
(475, 1, '1995-12-31', 1),
(475, 1, '1994-07-01', 1),
(475, 2, '1995-12-31', 32),
(475, 2, '1994-05-31', 32),
(475, 3, '1995-12-31', 2),
(475, 4, '1994-05-31', 1),
(999, 10, '1996-01-01', 144);